title,actor,actress
(500) Days of Summer,"Gordon-Levitt, Joseph","Deschanel, Zooey"
10 Items or Less,"Freeman, Morgan","Vega, Paz"
10 Years,"Tatum, Channing","Dewan Tatum, Jenna"
"10,000 BC","Strait, Steven","Belle, Camilla"
100 Girls,"Tucker, Jonathan","Chriqui, Emmanuelle"
102 Dalmatians,"Depardieu, Gérard","Close, Glenn"
127 Hours,"Franco, James","Mara, Kate"
13,"Riley, Sam","Barrett, Alice"
13 Going on 30,"Ruffalo, Mark","Garner, Jennifer"
17 Again,"Efron, Zac","Mann, Leslie"
2012,"Cusack, John","Peet, Amanda"
21 Grams,"Penn, Sean","Watts, Naomi"
28 Days,"Mortensen, Viggo","Bullock, Sandra"
3 Days to Kill,"Costner, Kevin","Heard, Amber"
30 Days of Night,"Hartnett, Josh","George, Melissa"
300,"Butler, Gerard","Headey, Lena"
300: Rise of an Empire,"Stapleton, Sullivan","Green, Eva"
40 Days and 40 Nights,"Hartnett, Josh","Sossamon, Shannyn"
4: Rise of the Silver Surfer,"Gruffudd, Ioan","Alba, Jessica"
5 Days of War,"Friend, Rupert","Chriqui, Emmanuelle"
50 First Dates,"Sandler, Adam","Barrymore, Drew"
6 Souls,"Rhys Meyers, Jonathan","Moore, Julianne"
8 Mile,Eminem,"Basinger, Kim"
88 Minutes,"Pacino, Al","Witt, Alicia"
A Dirty Shame,"Knoxville, Johnny","Ullman, Tracey"
A Good Old Fashioned Orgy,"Sudeikis, Jason","Bibb, Leslie"
A Guide to Recognizing Your Saints,"Downey Jr., Robert","Wiest, Dianne"
A Guy Thing,"Lee, Jason","Stiles, Julia"
A Haunted House 2,"Wayans, Marlon","Pressly, Jaime"
A History of Violence,"Mortensen, Viggo","Bello, Maria"
A Late Quartet,"Walken, Christopher","Keener, Catherine"
A Little Bit of Heaven,"García Bernal, Gael","Hudson, Kate"
A Lot Like Love,"Kutcher, Ashton","Peet, Amanda"
A Love Song for Bobby Long,"Travolta, John","Johansson, Scarlett"
A Mighty Heart,"Futterman, Dan","Jolie, Angelina"
A Million Ways to Die in the West,"MacFarlane, Seth","Theron, Charlize"
A Prairie Home Companion,"Harrelson, Woody","Burke, Marylouise"
A Single Man,"Firth, Colin","Moore, Julianne"
A Sound of Thunder,"Rohde, Armin","Makatsch, Heike"
A Thousand Words,"Murphy, Eddie","Washington, Kerry"
A Walk to Remember,"West, Shane","Moore, Mandy"
About Schmidt,"Nicholson, Jack","Bates, Kathy"
Across the Universe,"Sturgess, Jim","Wood, Evan Rachel"
Adam,"Dancy, Hugh","Byrne, Rose"
Adaptation.,"Cage, Nicolas","Swinton, Tilda"
After the Dark,"D'Arcy, James","Lowe, Sophie"
After the Sunset,"Brosnan, Pierce","Hayek, Salma"
After.Life,"Neeson, Liam","Ricci, Christina"
Ain't Them Bodies Saints,"Affleck, Casey","Mara, Rooney"
"Alexander and the Terrible, Horrible, No Good, Very Bad Day","Carell, Steve","Garner, Jennifer"
Alfie,"Law, Jude","Taylor, Renée"
Alice in Wonderland,"Depp, Johnny","Wasikowska, Mia"
All About Steve,"Church, Thomas Haden","Bullock, Sandra"
All Good Things,"Gosling, Ryan","Dunst, Kirsten"
All the Boys Love Mandy Lane,"Mount, Anson","Heard, Amber"
Almost Famous,"Crudup, Billy","McDormand, Frances"
Aloha,"Cooper, Bradley","Stone, Emma"
Alone in the Dark,"Slater, Christian","Reid, Tara"
Along Came a Spider,"Freeman, Morgan","Potter, Monica"
Along Came Polly,"Stiller, Ben","Aniston, Jennifer"
Alpha and Omega,"Long, Justin","Panettiere, Hayden"
Amazing Grace,"Gruffudd, Ioan","Garai, Romola"
America's Sweethearts,"Crystal, Billy","Roberts, Julia"
American Pie 2,"Biggs, Jason","Elizabeth, Shannon"
American Reunion,"Biggs, Jason","Hannigan, Alyson"
An American Haunting,"Sutherland, Donald","Spacek, Sissy"
An Unfinished Life,"Redford, Robert","Lopez, Jennifer"
Anacondas: The Hunt for the Blood Orchid,"Messner, Johnny","Strickland, KaDee"
Anchorman: The Legend of Ron Burgundy,"Ferrell, Will","Applegate, Christina"
Angel Eyes,"Caviezel, Jim","Lopez, Jennifer"
Anonymous,"Ifans, Rhys","Redgrave, Vanessa"
Another Earth,"Mapother, William","Marling, Brit"
Antitrust,"Phillippe, Ryan","Cook, Rachael Leigh"
Apocalypto,"Youngblood, Rudy","Hernández, Dalia"
Arbitrage,"Gere, Richard","Sarandon, Susan"
Are We Done Yet?,Ice Cube,"Long, Nia"
Are We There Yet?,Ice Cube,"Long, Nia"
Art School Confidential,"Minghella, Max","Myles, Sophia"
Arthur,"Brand, Russell","Mirren, Helen"
"As Above, So Below","Feldman, Ben","Weeks, Perdita"
Assassination of a High School President,"Thompson, Reece","Barton, Mischa"
Atlas Shrugged: Part I,"Bowler, Grant","Schilling, Taylor"
ATM,"Geraghty, Brian","Eve, Alice"
Austenland,"Feild, JJ","Russell, Keri"
Austin Powers in Goldmember,"Myers, Mike","Knowles, Beyoncé"
Autumn in New York,"Gere, Richard","Ryder, Winona"
Avatar,"Worthington, Sam","Saldana, Zoe"
AVP: Alien vs. Predator,"Bova, Raoul","Lathan, Sanaa"
AVPR: Aliens vs Predator - Requiem,"Pasquale, Steven","Aylesworth, Reiko"
Awake,"Christensen, Hayden","Alba, Jessica"
Away We Go,"Krasinski, John","Rudolph, Maya"
Babel,"Pitt, Brad","Blanchett, Cate"
Bad Words,"Bateman, Jason","Hahn, Kathryn"
Bailout: The Age of Greed,"Purcell, Dominic","Karpluk, Erin"
Ballistic: Ecks vs. Sever,"Banderas, Antonio","Liu, Lucy"
Barefoot,"Speedman, Scott","Wood, Evan Rachel"
Barnyard,"James, Kevin","Cox, Courteney"
Basic,"Travolta, John","Nielsen, Connie"
Basic Instinct 2,"Collymore, Stan","Stone, Sharon"
Battle in Seattle,"Benjamin, André","Carpenter, Jennifer"
Be Cool,"Travolta, John","Thurman, Uma"
Bedazzled,"Fraser, Brendan","Hurley, Elizabeth"
Bedtime Stories,"Sandler, Adam","Russell, Keri"
Bee Movie,"Seinfeld, Jerry","Zellweger, Renée"
Before I Go to Sleep,"Firth, Colin","Kidman, Nicole"
Before Midnight,"Hawke, Ethan","Delpy, Julie"
Before Sunset,"Hawke, Ethan","Delpy, Julie"
Begin Again,"Corden, James","Knightley, Keira"
Behind the Mask: The Rise of Leslie Vernon,"Baesel, Nathan","Goethals, Angela"
Being Julia,"Gambon, Michael","Bening, Annette"
Beowulf,"Hopkins, Anthony","Wright, Robin"
Bernie,"Black, Jack","MacLaine, Shirley"
Best in Show,"Brazeau, Jay","Posey, Parker"
Beverly Hills Chihuahua,"Cardona, Manolo","Perabo, Piper"
Bewitched,"Ferrell, Will","Kidman, Nicole"
Beyond Borders,"Owen, Clive","Jolie, Angelina"
Beyond the Sea,"Spacey, Kevin","Bosworth, Kate"
Big Eyes,"Waltz, Christoph","Adams, Amy"
Big Momma's House,"Lawrence, Martin","Long, Nia"
Big Momma's House 2,"Lawrence, Martin","Long, Nia"
Big Trouble,"Allen, Tim","Russo, Rene"
Bikur Ha-Tizmoret,"Gabai, Sasson","Elkabetz, Ronit"
Bill,"Eckhart, Aaron","Alba, Jessica"
Birdman: Or (The Unexpected Virtue of Ignorance),"Keaton, Michael","Stone, Emma"
Birthday Girl,"Chaplin, Ben","Kidman, Nicole"
Black Dynamite,"Babatundé, Obba","Applegate, Phyllis"
Black Knight,"Lawrence, Martin","Thomason, Marsha"
Black Snake Moan,"Jackson, Samuel L.","Ricci, Christina"
Blended,"Sandler, Adam","Barrymore, Drew"
Bless the Child,"Smits, Jimmy","Basinger, Kim"
Blood and Chocolate,"Dancy, Hugh","Bruckner, Agnes"
BloodRayne,"Madsen, Michael","Loken, Kristanna"
Blow,"Depp, Johnny","Cruz, Penélope"
Blue Crush,"Davis, Matthew","Bosworth, Kate"
Blue Valentine,"Gosling, Ryan","Williams, Michelle"
Bobby,"Belafonte, Harry","Bryant, Joy"
Boogeyman,"Watson, Barry","Deschanel, Emily"
Bounce,"Affleck, Ben","Paltrow, Gwyneth"
Boyhood,"Coltrane, Ellar","Arquette, Patricia"
Brave,"Connolly, Billy","Macdonald, Kelly"
Breaking and Entering,"Law, Jude","Wright, Robin"
Brick,"Gordon-Levitt, Joseph","Zehetner, Nora"
Bride & Prejudice,"Henderson, Martin","Rai Bachchan, Aishwarya"
Bridesmaids,"Crews, Terry","Wiig, Kristen"
Bringing Down the House,"Martin, Steve","Latifah, Queen"
Broken Flowers,"Murray, Bill","Delpy, Julie"
Bubble Boy,"Gyllenhaal, Jake","Kurtz, Swoosie"
Bug,"Shannon, Michael","Judd, Ashley"
Bully,"Renfro, Brad","Phillips, Bijou"
Burn After Reading,"Clooney, George","McDormand, Frances"
Butter,"Burrell, Ty","Garner, Jennifer"
Butterfly on a Wheel,"Brosnan, Pierce","Bello, Maria"
Cabin Fever,"Strong, Rider","Ladd, Jordan"
Captain America: The First Avenger,"Evans, Chris","Atwell, Hayley"
Captain Corelli's Mandolin,"Hurt, John","Cruz, Penélope"
Captain Phillips,"Hanks, Tom","Keener, Catherine"
Captivity,"Gillies, Daniel","Cuthbert, Elisha"
Casanova,"Ledger, Heath","Miller, Sienna"
Casino Royale,"Craig, Daniel","Green, Eva"
Catch and Release,"Olyphant, Timothy","Garner, Jennifer"
Cats & Dogs,"Goldblum, Jeff","Perkins, Elizabeth"
Catwoman,"Bratt, Benjamin","Berry, Halle"
Cecil B. DeMented,"Dorff, Stephen","Griffith, Melanie"
Celeste & Jesse Forever,"Samberg, Andy","Jones, Rashida"
Chaos Theory,"Reynolds, Ryan","Mortimer, Emily"
Charlie Wilson's War,"Hanks, Tom","Adams, Amy"
Charlotte's Web,"Buscemi, Steve","Roberts, Julia"
Chasing Liberty,"Sands, Stark","Moore, Mandy"
Che: Part One,"Del Toro, Benicio","Ormond, Julia"
Cheap Thrills,"Healy, Pat","Paxton, Sara"
Cheaper by the Dozen,"Martin, Steve","Hunt, Bonnie"
Chicken Run,"Daniels, Phil","Ferguson, Lynn"
Chloe,"Neeson, Liam","Moore, Julianne"
Chocolat,"Molina, Alfred","Moss, Carrie-Anne"
Christmas with the Kranks,"Allen, Tim","Curtis, Jamie Lee"
Cinderella Man,"Crowe, Russell","Zellweger, Renée"
City by the Sea,"De Niro, Robert","McDormand, Frances"
City Island,"Garcia, Andy","Margulies, Julianna"
Click,"Sandler, Adam","Beckinsale, Kate"
Closer,"Law, Jude","Roberts, Julia"
Cloud Atlas,"Hanks, Tom","Berry, Halle"
Club Dread,"Montgomery Jr., Dan","Lyons, Elena"
Coherence,"Sterling, Maury","Baldoni, Emily"
Cold Creek Manor,"Quaid, Dennis","Stone, Sharon"
Cold in July,"Hall, Michael C.","Shaw, Vinessa"
Cold Mountain,"Law, Jude","Kidman, Nicole"
Collateral Damage,"Schwarzenegger, Arnold","Neri, Francesca"
College Road Trip,"Lawrence, Martin",Raven-Symoné
Compliance,"Servitto, Matt","Dowd, Ann"
Confessions of a Shopaholic,"Dancy, Hugh","Fisher, Isla"
Confessions of a Teenage Drama Queen,"Garcia, Adam","Lohan, Lindsay"
Confidence,"Burns, Edward","Weisz, Rachel"
Constantine,"Reeves, Keanu","Weisz, Rachel"
Contagion,"Chui, Tien You","Paltrow, Gwyneth"
Contraband,"Wahlberg, Mark","Beckinsale, Kate"
Control,"Riley, Sam","Morton, Samantha"
Conviction,"Rockwell, Sam","Swank, Hilary"
Corky Romano,"Kattan, Chris","Shaw, Vinessa"
Corpse Bride,"Depp, Johnny","Bonham Carter, Helena"
Country Strong,"McGraw, Tim","Paltrow, Gwyneth"
Cowboys & Aliens,"Craig, Daniel","Spencer, Abigail"
Coyote Ugly,"Garcia, Adam","Perabo, Piper"
Crank,"Statham, Jason","Smart, Amy"
Crank: High Voltage,"Statham, Jason","Smart, Amy"
Crash,"Bakhtadze, Dato","Arroyave, Karina"
Crazy/Beautiful,"Hernandez, Jay","Dunst, Kirsten"
Crocodile Dundee in Los Angeles,"Hogan, Paul","Kozlowski, Linda"
Crossroads,"Mount, Anson","Spears, Britney"
Cry_Wolf,"Morris, Julian","Booth, Lindy"
Cypher,"Northam, Jeremy","Liu, Lucy"
Dallas Buyers Club,"McConaughey, Matthew","Garner, Jennifer"
Dan in Real Life,"Carell, Steve","Binoche, Juliette"
Danny Collins,"Pacino, Al","Bening, Annette"
Daredevil,"Affleck, Ben","Garner, Jennifer"
Dark Shadows,"Depp, Johnny","Pfeiffer, Michelle"
Dark Skies,"Hamilton, Josh","Russell, Keri"
Dark Water,"Reilly, John C.","Connelly, Jennifer"
Darkness Falls,"Kley, Chaney","Caulfield, Emma"
Date Movie,"Campbell, Adam","Hannigan, Alyson"
Date Night,"Carell, Steve","Fey, Tina"
Dawn of the Dead,"Rhames, Ving","Polley, Sarah"
Day of the Dead,"Cannon, Nick","Suvari, Mena"
Dead End,"Wise, Ray","Shaye, Lin"
Dead Man Down,"Farrell, Colin","Rapace, Noomi"
Dead Silence,"Kwanten, Ryan","Valletta, Amber"
Deadfall,"Bana, Eric","Wilde, Olivia"
Dear John,"Tatum, Channing","Seyfried, Amanda"
Dear White People,"Williams, Tyler James","Thompson, Tessa"
Death at a Funeral,"Macfadyen, Matthew","Hawes, Keeley"
Death at a Funeral,"David, Keith","Devine, Loretta"
Death Proof,"Russell, Kurt","Bell, Zoë"
Death Race,"Statham, Jason","Allen, Joan"
Deja Vu,"Washington, Denzel","Patton, Paula"
Despicable Me 2,"Carell, Steve","Wiig, Kristen"
Detachment,"Brody, Adrien","Harden, Marcia Gay"
Devil's Due,"Gilford, Zach","Miller, Allison"
Devil's Knot,"Firth, Colin","Witherspoon, Reese"
Diary of a Mad Black Woman,"Harris, Steve","Elise, Kimberly"
Diary of the Dead,"Close, Joshua","Morgan, Michelle"
Dickie Roberts: Former Child Star,"Spade, David","McCormack, Mary"
Did You Hear About the Morgans?,"Grant, Hugh","Parker, Sarah Jessica"
Die Another Day,"Brosnan, Pierce","Berry, Halle"
Dinosaur,"Sweeney, D.B.","Woodard, Alfre"
Dirty Dancing: Havana Nights,"Luna, Diego","Garai, Romola"
Disaster Movie,"Lanter, Matt","Lachey, Vanessa"
Disconnect,"Bateman, Jason","Davis, Hope"
Disturbia,"LaBeouf, Shia","Roemer, Sarah"
Divergent,"James, Theo","Woodley, Shailene"
Dodgeball: A True Underdog Story,"Vaughn, Vince","Taylor, Christine"
Dolphin Tale,"Connick Jr., Harry","Judd, Ashley"
Domino,"Rourke, Mickey","Knightley, Keira"
Don Jon,"Gordon-Levitt, Joseph","Johansson, Scarlett"
Don't Be Afraid of the Dark,"Pearce, Guy","Holmes, Katie"
Doom,"Urban, Karl","Pike, Rosamund"
Doubt,"Hoffman, Philip Seymour","Streep, Meryl"
Down in the Valley,"Norton, Edward","Wood, Evan Rachel"
Down to Earth,"Rock, Chris","King, Regina"
Down to You,"Prinze Jr., Freddie","Stiles, Julia"
Down with Love,"McGregor, Ewan","Zellweger, Renée"
Dr. Dolittle 2,"Murphy, Eddie","Wilson, Kristen"
Dr. T and the Women,"Gere, Richard","Hunt, Helen"
Dracula Untold,"Evans, Luke","Gadon, Sarah"
Drag Me to Hell,"Long, Justin","Lohman, Alison"
Dragonfly,"Costner, Kevin","Thompson, Susanna"
Dream House,"Craig, Daniel","Watts, Naomi"
Dreamgirls,"Foxx, Jamie","Knowles, Beyoncé"
Drinking Buddies,"Johnson, Jake","Wilde, Olivia"
Drive,"Gosling, Ryan","Mulligan, Carey"
Drive Angry,"Cage, Nicolas","Heard, Amber"
Drowning Mona,"DeVito, Danny","Midler, Bette"
Drumline,"Cannon, Nick","Saldana, Zoe"
Dumb and Dumberer: When Harry Met Lloyd,"Stack, Timothy","Rogers, Mimi"
Duplex,"Stiller, Ben","Barrymore, Drew"
Duplicity,"Owen, Clive","Roberts, Julia"
Dylan Dog: Dead of Night,"Routh, Brandon","Briem, Anita"
Eagle Eye,"LaBeouf, Shia","Monaghan, Michelle"
Easy A,"Badgley, Penn","Stone, Emma"
Edge of Tomorrow,"Cruise, Tom","Blunt, Emily"
Eight Crazy Nights,"Sandler, Adam","Sandler, Jackie"
Eight Legged Freaks,"Arquette, David","Wuhrer, Kari"
Elegy,"Kingsley, Ben","Cruz, Penélope"
Elektra,"Visnjic, Goran","Garner, Jennifer"
Eliza Graves,"Sturgess, Jim","Beckinsale, Kate"
Elizabethtown,"Bloom, Orlando","Dunst, Kirsten"
Ella Enchanted,"Dancy, Hugh","Hathaway, Anne"
Elysium,"Damon, Matt","Foster, Jodie"
Employee of the Month,"Cook, Dane","Simpson, Jessica"
Enchanted,"Dempsey, Patrick","Adams, Amy"
Endless Love,"Pettyfer, Alex","Wilde, Gabriella"
Enigma,"Scott, Dougray","Winslet, Kate"
Enough,"Campbell, Billy","Lopez, Jennifer"
Erin Brockovich,"Brisbin, David","Roberts, Julia"
Eternal Sunshine of the Spotless Mind,"Carrey, Jim","Winslet, Kate"
Everybody's Fine,"De Niro, Robert","Barrymore, Drew"
Evil Dead,"Fernandez, Shiloh","Levy, Jane"
Evolution,"Duchovny, David","Moore, Julianne"
Exorcist: The Beginning,"Skarsgård, Stellan","Scorupco, Izabella"
Extract,"Bateman, Jason","Kunis, Mila"
Faces in the Crowd,"McMahon, Julian","Jovovich, Milla"
Factory Girl,"Pearce, Guy","Miller, Sienna"
Factotum,"Dillon, Matt","Taylor, Lili"
Failure to Launch,"McConaughey, Matthew","Parker, Sarah Jessica"
Fame,"Perez, Walter","Panabaker, Kay"
Fantastic Four,"Gruffudd, Ioan","Alba, Jessica"
Fantastic Mr. Fox,"Clooney, George","Streep, Meryl"
Far from Heaven,"Quaid, Dennis","Moore, Julianne"
Far from the Madding Crowd,"Schoenaerts, Matthias","Mulligan, Carey"
Fast Food Nation,"Valderrama, Wilmer","Moreno, Catalina Sandino"
Fast Track,"Braff, Zach","Peet, Amanda"
Feardotcom,"Dorff, Stephen","McElhone, Natascha"
Felon,"Dorff, Stephen","Nichols, Marisol"
Fever Pitch,"Fallon, Jimmy","Barrymore, Drew"
Fifty Shades of Grey,"Dornan, Jamie","Johnson, Dakota"
Final Destination,"Sawa, Devon","Larter, Ali"
Final Destination 3,"Merriman, Ryan","Winstead, Mary Elizabeth"
Final Destination 5,"D'Agosto, Nicholas","Bell, Emma"
Final Fantasy: The Spirits Within,"Baldwin, Alec","Wen, Ming-Na"
Finding Neverland,"Depp, Johnny","Winslet, Kate"
Fireproof,"Cameron, Kirk","Bethea, Erin"
Firewall,"Ford, Harrison","Madsen, Virginia"
First Daughter,"Blucas, Marc","Holmes, Katie"
Five Minarets in New York,"Bilginer, Haluk","Gershon, Gina"
Flight,"Washington, Denzel","Velazquez, Nadine"
Flightplan,"Sarsgaard, Peter","Foster, Jodie"
Flushed Away,"Jackman, Hugh","Winslet, Kate"
Flypaper,"Dempsey, Patrick","Judd, Ashley"
Focus,"Smith, Will","Robbie, Margot"
Fool's Gold,"McConaughey, Matthew","Hudson, Kate"
Footloose,"Wormald, Kenny","Hough, Julianne"
For Your Consideration,"Rannazzisi, Stephen","O'Hara, Catherine"
Forgetting Sarah Marshall,"Segel, Jason","Bell, Kristen"
Four Christmases,"Vaughn, Vince","Witherspoon, Reese"
Frankenweenie,"Short, Martin","O'Hara, Catherine"
Freedom Writers,"Dempsey, Patrick","Swank, Hilary"
Freedomland,"Jackson, Samuel L.","Moore, Julianne"
Frida,"Molina, Alfred","Hayek, Salma"
Friday the 13th,"Padalecki, Jared","Panabaker, Danielle"
Friends with Benefits,"Timberlake, Justin","Kunis, Mila"
Friends with Kids,"Scott, Adam","Westfeldt, Jennifer"
Friends with Money,"Isaacs, Jason","Keener, Catherine"
From Hell,"Depp, Johnny","Graham, Heather"
From Justin to Kelly,"Guarini, Justin","Clarkson, Kelly"
Frozen,"Ashmore, Shawn","Bell, Emma"
Fruitvale Station,"Jordan, Michael B.","Diaz, Melonie"
Fun with Dick and Jane,"Carrey, Jim","Leoni, Téa"
Funny Games,"Roth, Tim","Watts, Naomi"
Fur: An Imaginary Portrait of Diane Arbus,"Downey Jr., Robert","Kidman, Nicole"
Gamer,"Butler, Gerard","Valletta, Amber"
Garfield,"Meyer, Breckin","Hewitt, Jennifer Love"
Garfield: A Tail of Two Kitties,"Meyer, Breckin","Hewitt, Jennifer Love"
Get Carter,"Stallone, Sylvester","Richardson, Miranda"
Get Him to the Greek,"Brand, Russell","Byrne, Rose"
Get Low,"Duvall, Robert","Spacek, Sissy"
Get Over It,"Foster, Ben","Dunst, Kirsten"
Get Smart,"Carell, Steve","Hathaway, Anne"
Getaway,"Hawke, Ethan","Gomez, Selena"
Ghost Rider,"Long, Matt","Alessi, Raquel"
Ghost Rider: Spirit of Vengeance,"Cage, Nicolas","Placido, Violante"
Ghost Ship,"Byrne, Gabriel","Margulies, Julianna"
Ghosts of Girlfriends Past,"McConaughey, Matthew","Garner, Jennifer"
Ghosts of Mars,Ice Cube,"Henstridge, Natasha"
Glitter,"Beesley, Max","Carey, Mariah"
Gnomeo & Juliet,"McAvoy, James","Blunt, Emily"
God Bless America,"Murray, Joel","Barr, Tara Lynne"
Godsend,"Kinnear, Greg","Romijn, Rebecca"
Going the Distance,"Long, Justin","Barrymore, Drew"
Gone,"Sunjata, Daniel","Seyfried, Amanda"
Gone Baby Gone,"Affleck, Casey","Monaghan, Michelle"
Gone Girl,"Affleck, Ben","Pike, Rosamund"
Gosford Park,"Gambon, Michael","Smith, Maggie"
Gossip,"Marsden, James","Headey, Lena"
Gothika,"Downey Jr., Robert","Berry, Halle"
Goya's Ghosts,"Bardem, Javier","Portman, Natalie"
Grace of Monaco,"Roth, Tim","Kidman, Nicole"
Grandma's Boy,"Covert, Allen","Cardellini, Linda"
Gravity,"Clooney, George","Bullock, Sandra"
Green Lantern,"Reynolds, Ryan","Lively, Blake"
Grindhouse,"Russell, Kurt","Bell, Zoë"
Guardians of the Galaxy,"Pratt, Chris","Saldana, Zoe"
Hachi: A Dog's Tale,"Gere, Richard","Allen, Joan"
Hairspray,"Travolta, John","Pfeiffer, Michelle"
Halloween: Resurrection,"Loree, Brad","Curtis, Jamie Lee"
Hamlet 2,"Coogan, Steve","Keener, Catherine"
Hancock,"Smith, Will","Theron, Charlize"
Hannibal,"Hopkins, Anthony","Moore, Julianne"
Hansel & Gretel: Witch Hunters,"Renner, Jeremy","Arterton, Gemma"
Hard Ball,"Reeves, Keanu","Lane, Diane"
Hard Candy,"Wilson, Patrick","Page, Ellen"
Harry Potter and the Deathly Hallows: Part 1,"Nighy, Bill","Watson, Emma"
Harry Potter and the Sorcerer's Stone,"Harris, Richard","Smith, Maggie"
Hatchet,"Moore, Joel David","Feldman, Tamara"
Haywire,"Angarano, Michael","Carano, Gina"
Head Over Heels,"Prinze Jr., Freddie","Potter, Monica"
Heaven,"Ribisi, Giovanni","Blanchett, Cate"
Heaven Is for Real,"Kinnear, Greg","Reilly, Kelly"
Hedwig and the Angry Inch,"Mitchell, John Cameron","Shor, Miriam"
Hell Ride,"Bishop, Larry","Jones, Julia"
Hellboy II: The Golden Army,"Perlman, Ron","Blair, Selma"
Henry Poole Is Here,"Wilson, Luke","Mitchell, Radha"
Henry's Crime,"Reeves, Keanu","Greer, Judy"
Her,"Phoenix, Joaquin","Adrianna, Lynn"
Herbie Fully Loaded,"Keaton, Michael","Lohan, Lindsay"
Here Comes the Boom,"James, Kevin","Hayek, Salma"
Hereafter,"Neuvic, Thierry","De France, Cécile"
Hidalgo,"Mortensen, Viggo","Robinson, Zuleikha"
High Crimes,"Freeman, Morgan","Judd, Ashley"
High Fidelity,"Cusack, John","Hjejle, Iben"
High School Musical 3: Senior Year,"Efron, Zac","Hudgens, Vanessa"
Hit and Run,"Shepard, Dax","Bell, Kristen"
Hitch,"Smith, Will","Mendes, Eva"
Hitchcock,"Hopkins, Anthony","Mirren, Helen"
Hitman: Agent 47,"Bakkedahl, Dan",Angelababy
Holes,"Voight, Jon","Weaver, Sigourney"
Hollow Man,"Bacon, Kevin","Shue, Elisabeth"
Hollywoodland,"Brody, Adrien","Lane, Diane"
Home,"Parsons, Jim",Rihanna
Home on the Range,"Bailey, G.W.","Barr, Roseanne"
Honey,"Phifer, Mekhi","Alba, Jessica"
Honeymoon,"Treadaway, Harry","Leslie, Rose"
Hope Springs,"Jones, Tommy Lee","Streep, Meryl"
Horsemen,"Quaid, Dennis","Zhang, Ziyi"
Hostel: Part II,"Bart, Roger","German, Lauren"
Hotel Chevalier,"Schwartzman, Jason","Portman, Natalie"
Hours,"Walker, Paul","Rodriguez, Genesis"
House at the End of the Street,"Thieriot, Max","Lawrence, Jennifer"
House of Sand and Fog,"Kingsley, Ben","Connelly, Jennifer"
House of Wax,"Murray, Chad Michael","Cuthbert, Elisha"
How Do You Know,"Rudd, Paul","Witherspoon, Reese"
How to Lose a Guy in 10 Days,"McConaughey, Matthew","Hudson, Kate"
How to Train Your Dragon 2,"Baruchel, Jay","Blanchett, Cate"
Hulk,"Bana, Eric","Connelly, Jennifer"
Human Nature,"Ifans, Rhys","Arquette, Patricia"
Hummingbird,"Statham, Jason","Buzek, Agata"
I Am Legend,"Smith, Will","Braga, Alice"
I Am Sam,"Penn, Sean","Pfeiffer, Michelle"
I Could Never Be Your Woman,"Rudd, Paul","Pfeiffer, Michelle"
I Don't Know How She Does It,"Brosnan, Pierce","Parker, Sarah Jessica"
I Heart Huckabees,"Schwartzman, Jason","Huppert, Isabelle"
"I Love You, Beth Cooper","Rust, Paul","Panettiere, Hayden"
"I Love You, Man","Rudd, Paul","Jones, Rashida"
I Spit on Your Grave,"Branson, Jeff","Butler, Sarah"
I Think I Love My Wife,"Rock, Chris","Washington, Kerry"
I'm Not There.,"Whishaw, Ben","Blanchett, Cate"
"I, Frankenstein","Eckhart, Aaron","Strahovski, Yvonne"
"I, Robot","Smith, Will","Moynahan, Bridget"
Identity Thief,"Bateman, Jason","McCarthy, Melissa"
Idiocracy,"Wilson, Luke","Rudolph, Maya"
If Only,"Nicholls, Paul","Hewitt, Jennifer Love"
Igby Goes Down,"Culkin, Kieran","Danes, Claire"
Igor,"Cusack, John","Klass, Myleene"
Impostor,"Sinise, Gary","Stowe, Madeleine"
In a World...,"Corddry, Rob","Bell, Lake"
In Her Shoes,"Mount, Anson","Diaz, Cameron"
In the Bedroom,"Wilkinson, Tom","Spacek, Sissy"
In the Land of Blood and Honey,"Kostic, Goran","Marjanovic, Zana"
In the Land of Women,"Brody, Adam","Anaya, Elena"
In the Name of the King: A Dungeon Siege Tale,"Statham, Jason","Sobieski, Leelee"
In the Valley of Elah,"Jones, Tommy Lee","Theron, Charlize"
In Time,"Timberlake, Justin","Wilde, Olivia"
Indiana Jones and the Kingdom of the Crystal Skull,"Ford, Harrison","Blanchett, Cate"
Infamous,"Jones, Toby","Weaver, Sigourney"
Inglourious Basterds,"Pitt, Brad","Laurent, Mélanie"
Inkheart,"Fraser, Brendan","Guillory, Sienna"
Inland Empire,"Irons, Jeremy","Dern, Laura"
Inside Llewyn Davis,"Isaac, Oscar","Mulligan, Carey"
Insidious,"Wilson, Patrick","Byrne, Rose"
Insidious: Chapter 2,"Wilson, Patrick","Byrne, Rose"
Insidious: Chapter 3,"Mulroney, Dermot","Scott, Stefanie"
Insurgent,"Courtney, Jai","Winslet, Kate"
Interstellar,"McConaughey, Matthew","Burstyn, Ellen"
Interview,"Buscemi, Steve","Miller, Sienna"
Into the Blue,"Walker, Paul","Alba, Jessica"
Into the Storm,"Armitage, Richard","Wayne Callies, Sarah"
Into the Wild,"Hirsch, Emile","Harden, Marcia Gay"
Intolerable Cruelty,"Clooney, George","Zeta-Jones, Catherine"
Intruders,"Owen, Clive","van Houten, Carice"
Iris,"Bonneville, Hugh","Winslet, Kate"
Iron Man 2,"Downey Jr., Robert","Paltrow, Gwyneth"
Iron Man 3,"Downey Jr., Robert","Paltrow, Gwyneth"
It's a Boy Girl Thing,"Zegers, Kevin","Armstrong, Samaire"
It's Complicated,"Martin, Steve","Streep, Meryl"
Jack Reacher,"Cruise, Tom","Pike, Rosamund"
Jack Ryan: Shadow Recruit,"Pine, Chris","Knightley, Keira"
Jack the Giant Slayer,"Hoult, Nicholas","Tomlinson, Eleanor"
Jane Eyre,"Bell, Jamie","Wasikowska, Mia"
Jeepers Creepers,"Long, Justin","Philips, Gina"
Jimmy Neutron: Boy Genius,"DeCarlo, Mark","Cavanagh, Megan"
Jodorowsky's Dune,"Jodorowsky, Alejandro","Lear, Amanda"
Joe Dirt,"Spade, David","Daniel, Brittany"
John Carter,"Kitsch, Taylor","Collins, Lynn"
John Tucker Must Die,"Metcalfe, Jesse","Snow, Brittany"
Johnny English,"Atkinson, Rowan","de Vasconcelos, Tasha"
Juno,"Cera, Michael","Page, Ellen"
Jupiter Ascending,"Tatum, Channing","Kunis, Mila"
Jurassic World,"Pratt, Chris","Howard, Bryce Dallas"
Just Before I Go,"Scott, Seann William","Thirlby, Olivia"
Just Friends,"Reynolds, Ryan","Smart, Amy"
Just Go with It,"Sandler, Adam","Aniston, Jennifer"
Just Like Heaven,"Ruffalo, Mark","Witherspoon, Reese"
Just Married,"Kutcher, Ashton","Murphy, Brittany"
Just My Luck,"Pine, Chris","Lohan, Lindsay"
Just Visiting,"Reno, Jean","Applegate, Christina"
Kate & Leopold,"Jackman, Hugh","Ryan, Meg"
Keith,"McCartney, Jesse","Harnois, Elisabeth"
Killers,"Kutcher, Ashton","Heigl, Katherine"
Killing Me Softly,"Fiennes, Joseph","Graham, Heather"
Killshot,"Jane, Thomas","Lane, Diane"
King Kong,"Black, Jack","Watts, Naomi"
King of California,"Douglas, Michael","Wood, Evan Rachel"
Kinsey,"Neeson, Liam","Linney, Laura"
Knight and Day,"Cruise, Tom","Diaz, Cameron"
Knocked Up,"Rogen, Seth","Heigl, Katherine"
Labor Day,"Brolin, Josh","Winslet, Kate"
Lady in the Water,"Giamatti, Paul","Howard, Bryce Dallas"
Land of the Lost,"Ferrell, Will","Friel, Anna"
Lara Croft Tomb Raider: The Cradle of Life,"Butler, Gerard","Jolie, Angelina"
Lara Croft: Tomb Raider,"Voight, Jon","Jolie, Angelina"
Lars and the Real Girl,"Gosling, Ryan","Mortimer, Emily"
Last Chance Harvey,"Hoffman, Dustin","Thompson, Emma"
Last Holiday,LL Cool J,"Latifah, Queen"
Last Night,"Worthington, Sam","Knightley, Keira"
Laurel Canyon,"Bale, Christian","McDormand, Frances"
Le scaphandre et le papillon,"Amalric, Mathieu","Seigner, Emmanuelle"
Leap Year,"Goode, Matthew","Adams, Amy"
Leaves of Grass,"Norton, Edward","DeVito, Lucy"
Legally Blonde,"Wilson, Luke","Witherspoon, Reese"
Les aventures extraordinaires d'Adèle Blanc-Sec,"Amalric, Mathieu","Bourgoin, Louise"
Liberal Arts,"Radnor, Josh","Olsen, Elizabeth"
License to Wed,"Williams, Robin","Moore, Mandy"
Life After Beth,"DeHaan, Dane","Plaza, Aubrey"
Life as a House,"Kline, Kevin","Scott Thomas, Kristin"
Life as We Know It,"Duhamel, Josh","Heigl, Katherine"
Life of Crime,"Bey, Yasiin","Aniston, Jennifer"
Life or Something Like It,"Burns, Edward","Jolie, Angelina"
Like Crazy,"Yelchin, Anton","Jones, Felicity"
Lincoln,"Day-Lewis, Daniel","Field, Sally"
Lions for Lambs,"Redford, Robert","Streep, Meryl"
Little Nicky,"Sandler, Adam","Arquette, Patricia"
Lo imposible,"McGregor, Ewan","Watts, Naomi"
Locke,"Hardy, Tom","Colman, Olivia"
London,"Evans, Chris","Biel, Jessica"
London Boulevard,"Farrell, Colin","Knightley, Keira"
Looney Tunes: Back in Action,"Fraser, Brendan","Elfman, Jenna"
Lord of War,"Cage, Nicolas","Moynahan, Bridget"
Loser,"Biggs, Jason","Suvari, Mena"
Lost in Translation,"Murray, Bill","Johansson, Scarlett"
Love & Other Drugs,"Gyllenhaal, Jake","Hathaway, Anne"
Love and Other Impossible Pursuits,"Cohen, Scott","Portman, Natalie"
Love Happens,"Eckhart, Aaron","Aniston, Jennifer"
Love Wrecked,"Carmack, Chris","Bynes, Amanda"
Lovelace,"Sarsgaard, Peter","Seyfried, Amanda"
Lucky You,"Bana, Eric","Somerville, Phyllis"
MacGruber,"Forte, Will","Wiig, Kristen"
Machine Gun Preacher,"Butler, Gerard","Monaghan, Michelle"
Mad Max: Fury Road,"Hardy, Tom","Theron, Charlize"
Mad Money,"Danson, Ted","Keaton, Diane"
Made of Honor,"Dempsey, Patrick","Monaghan, Michelle"
Maggie,"Schwarzenegger, Arnold","Breslin, Abigail"
Maid in Manhattan,"Fiennes, Ralph","Lopez, Jennifer"
Mamma Mia!,"Skarsgård, Stellan","Seyfried, Amanda"
Man of Steel,"Cavill, Henry","Adams, Amy"
Management,"Zahn, Steve","Aniston, Jennifer"
Marie Antoinette,"Schwartzman, Jason","Dunst, Kirsten"
Marley & Me,"Wilson, Owen","Aniston, Jennifer"
Marmaduke,"Wilson, Owen","Stone, Emma"
Max Payne,"Wahlberg, Mark","Kunis, Mila"
May,"Sisto, Jeremy","Bettis, Angela"
Me and You and Everyone We Know,"Hawkes, John","July, Miranda"
"Me, Myself & Irene","Carrey, Jim","Zellweger, Renée"
Meet Dave,"Murphy, Eddie","Banks, Elizabeth"
Meet the Spartans,"Maguire, Sean","Electra, Carmen"
Memento,"Pearce, Guy","Moss, Carrie-Anne"
"Men, Women & Children","Sandler, Adam","Garner, Jennifer"
Midnight in Paris,"Wilson, Owen","McAdams, Rachel"
Million Dollar Baby,"Eastwood, Clint","Swank, Hilary"
Minions,"Hamm, Jon","Bullock, Sandra"
Miracle,"Russell, Kurt","Clarkson, Patricia"
Mirrormask,"Barry, Jason","Leonidas, Stephanie"
Mirrors,"Sutherland, Kiefer","Patton, Paula"
Miss Congeniality,"Caine, Michael","Bullock, Sandra"
Miss Potter,"McGregor, Ewan","Zellweger, Renée"
Mission: Impossible - Ghost Protocol,"Cruise, Tom","Patton, Paula"
Monkeybone,"Fraser, Brendan","Fonda, Bridget"
Monsoon Wedding,"Shah, Naseeruddin","Dubey, Lillete"
Monster's Ball,"Thornton, Billy Bob","Berry, Halle"
Morning Glory,"Bean, Noah","McAdams, Rachel"
Mortdecai,"Depp, Johnny","Paltrow, Gwyneth"
Moulin Rouge!,"McGregor, Ewan","Kidman, Nicole"
Mr 3000,"Mac, Bernie","Bassett, Angela"
Mr. & Mrs. Smith,"Pitt, Brad","Jolie, Angelina"
Mr. Brooks,"Costner, Kevin","Moore, Demi"
Mr. Deeds,"Sandler, Adam","Ryder, Winona"
Mr. Magorium's Wonder Emporium,"Ludzik, Ted","Portman, Natalie"
Mr. Popper's Penguins,"Carrey, Jim","Gugino, Carla"
Mrs Henderson Presents,"Hoskins, Bob","Dench, Judi"
Much Ado About Nothing,"Denisof, Alexis","Acker, Amy"
Mud,"McConaughey, Matthew","Witherspoon, Reese"
Murder by Numbers,"Chaplin, Ben","Bullock, Sandra"
Must Love Dogs,"Cusack, John","Lane, Diane"
My Best Friend's Girl,"Cook, Dane","Hudson, Kate"
My Big Fat Greek Wedding,"Constantine, Michael","Vardalos, Nia"
My Bloody Valentine,"Ackles, Jensen","King, Jaime"
My Life in Ruins,"Dreyfuss, Richard","Vardalos, Nia"
My Sassy Girl,"Bradford, Jesse","Cuthbert, Elisha"
My Super Ex-Girlfriend,"Wilson, Luke","Thurman, Uma"
My Week with Marilyn,"Redmayne, Eddie","Williams, Michelle"
Nacho Libre,"Black, Jack","de la Reguera, Ana"
Nanny McPhee,"Firth, Colin","Thompson, Emma"
National Treasure,"Cage, Nicolas","Kruger, Diane"
Neighbors,"Rogen, Seth","Byrne, Rose"
Never Back Down,"Faris, Sean","Heard, Amber"
Never Let Me Go,"Garfield, Andrew","Mulligan, Carey"
New in Town,"Connick Jr., Harry","Zellweger, Renée"
New Year's Eve,"Efron, Zac","Pfeiffer, Michelle"
Next,"Cage, Nicolas","Moore, Julianne"
Nick and Norah's Infinite Playlist,"Cera, Michael","Dennings, Kat"
Night at the Museum,"Stiller, Ben","Gugino, Carla"
Night at the Museum: Battle of the Smithsonian,"Stiller, Ben","Adams, Amy"
Nights in Rodanthe,"Gere, Richard","Lane, Diane"
No Good Deed,"Elba, Idris","Henson, Taraji P."
No One Lives,"Evans, Luke","Clemens, Adelaide"
No Reservations,"Eckhart, Aaron","Zeta-Jones, Catherine"
No Strings Attached,"Kutcher, Ashton","Portman, Natalie"
Noah,"Crowe, Russell","Connelly, Jennifer"
Non-Stop,"Neeson, Liam","Moore, Julianne"
Norbit,"Murphy, Eddie","Newton, Thandie"
Not Another Teen Movie,"Evans, Chris","Leigh, Chyler"
Nothing But the Truth,"Dillon, Matt","Beckinsale, Kate"
Nurse Betty,"Freeman, Morgan","Zellweger, Renée"
Nutty Professor II: The Klumps,"Murphy, Eddie","Jackson, Janet"
Obsessed,"Elba, Idris","Knowles, Beyoncé"
Ocean's Twelve,"Pitt, Brad","Zeta-Jones, Catherine"
Oculus,"Thwaites, Brenton","Gillan, Karen"
Oldboy,"Brolin, Josh","Olsen, Elizabeth"
Once Upon a Time in Mexico,"Banderas, Antonio","Hayek, Salma"
Ondine,"Farrell, Colin","Bachleda, Alicja"
One Day,"Sturgess, Jim","Hathaway, Anne"
One for the Money,"O'Mara, Jason","Heigl, Katherine"
One Hour Photo,"Williams, Robin","Nielsen, Connie"
One Missed Call,"Burns, Edward","Sossamon, Shannyn"
Only God Forgives,"Gosling, Ryan","Scott Thomas, Kristin"
Open Water,"Travis, Daniel","Ryan, Blanchard"
Ordinary Decent Criminal,"Spacey, Kevin","Fiorentino, Linda"
Original Sin,"Banderas, Antonio","Jolie, Angelina"
Orphan,"Sarsgaard, Peter","Farmiga, Vera"
Out Cold,"Alexander, Flex","Cook, A.J."
Out of Time,"Washington, Denzel","Mendes, Eva"
Outlander,"Caviezel, Jim","Myles, Sophia"
Over Her Dead Body,"Rudd, Paul","Longoria, Eva"
Oz the Great and Powerful,"Franco, James","Kunis, Mila"
P.S. I Love You,"Butler, Gerard","Swank, Hilary"
P2,"Bentley, Wes","Nichols, Rachel"
Paparazzi,"Hauser, Cole","Tunney, Robin"
Paper Man,"Daniels, Jeff","Kudrow, Lisa"
Paper Towns,"Wolff, Nat","Delevingne, Cara"
Parental Guidance,"Crystal, Billy","Midler, Bette"
Parker,"Statham, Jason","Lopez, Jennifer"
Parkland,"Barr, Matt","Harden, Marcia Gay"
Passengers,"Wilson, Patrick","Hathaway, Anne"
Pathfinder,"Urban, Karl","Bloodgood, Moon"
Paul Blart: Mall Cop 2,"James, Kevin","Rodriguez, Raini"
Pay It Forward,"Spacey, Kevin","Hunt, Helen"
Penelope,"Grant, Richard E.","O'Hara, Catherine"
People Like Us,"Pine, Chris","Banks, Elizabeth"
Percy Jackson: Sea of Monsters,"Lerman, Logan","Daddario, Alexandra"
Perfect Stranger,"Willis, Bruce","Berry, Halle"
Philomena,"Coogan, Steve","Dench, Judi"
Pieces of April,"Luke, Derek","Holmes, Katie"
Piranha 3DD,"Bush, Matt","Panabaker, Danielle"
Pirates of the Caribbean: On Stranger Tides,"Depp, Johnny","Cruz, Penélope"
Pitch Black,"Diesel, Vin","Mitchell, Radha"
Pitch Perfect,"Astin, Skylar","Kendrick, Anna"
Planet 51,"Cleese, John","Biel, Jessica"
Planet Terror,"Rodríguez, Freddy","McGowan, Rose"
Playing for Keeps,"Butler, Gerard","Biel, Jessica"
Playing It Cool,"Evans, Chris","Monaghan, Michelle"
Pollock,"Harris, Ed","Harden, Marcia Gay"
Poltergeist,"Rockwell, Sam","DeWitt, Rosemarie"
Pompeii,"Harington, Kit","Moss, Carrie-Anne"
Possession,"Eckhart, Aaron","Paltrow, Gwyneth"
Post Grad,"Gilford, Zach","Bledel, Alexis"
Powder Blue,"Redmayne, Eddie","Biel, Jessica"
Premium Rush,"Gordon-Levitt, Joseph","Ramirez, Dania"
Premonition,"McMahon, Julian","Bullock, Sandra"
Primeval,"Purcell, Dominic","Langton, Brooke"
Prince of Persia: The Sands of Time,"Gyllenhaal, Jake","Arterton, Gemma"
Prom,"McDonell, Thomas","Teegarden, Aimee"
Prom Night,"Porter, Scott","Snow, Brittany"
Prometheus,"Fassbender, Michael","Rapace, Noomi"
Proof,"Hopkins, Anthony","Paltrow, Gwyneth"
Proof of Life,"Crowe, Russell","Ryan, Meg"
Prozac Nation,"Biggs, Jason","Ricci, Christina"
Pulse,"Somerhalder, Ian","Bell, Kristen"
Puss in Boots,"Banderas, Antonio","Hayek, Salma"
Quantum of Solace,"Craig, Daniel","Kurylenko, Olga"
Quarantine,"Harris, Steve","Carpenter, Jennifer"
Quarantine 2: Terminal,"Cooke, Josh","Mason, Mercedes"
Queen of the Damned,"Townsend, Stuart",Aaliyah
Quills,"Rush, Geoffrey","Winslet, Kate"
Rabbit Hole,"Eckhart, Aaron","Kidman, Nicole"
Raising Helen,"Corbett, John","Hudson, Kate"
Rambo,"Stallone, Sylvester","Benz, Julie"
Rango,"Depp, Johnny","Fisher, Isla"
Rat Race,"Meyer, Breckin","Bergere, Jenica"
Ray,"Foxx, Jamie","Washington, Kerry"
Rebound,"Lawrence, Martin","Robinson, Wendy Raquel"
RED,"Willis, Bruce","Parker, Mary-Louise"
Red Dog,"Lucas, Josh","Taylor, Rachael"
Red Eye,"Murphy, Cillian","McAdams, Rachel"
Red Lights,"Murphy, Cillian","Weaver, Sigourney"
Red Planet,"Kilmer, Val","Moss, Carrie-Anne"
Red Riding Hood,"Oldman, Gary","Seyfried, Amanda"
Rendition,"Gyllenhaal, Jake","Witherspoon, Reese"
Repo! The Genetic Opera,"Sorvino, Paul","PenaVega, Alexa"
Requiem for a Dream,"Leto, Jared","Burstyn, Ellen"
Resident Evil: Extinction,"Fehr, Oded","Jovovich, Milla"
Restless,"Hopper, Henry","Wasikowska, Mia"
Return to Me,"Duchovny, David","Driver, Minnie"
Revolutionary Road,"DiCaprio, Leonardo","Winslet, Kate"
Riding in Cars with Boys,"Zahn, Steve","Barrymore, Drew"
Right at Your Door,"Cochrane, Rory","McCormack, Mary"
Robin Hood,"Crowe, Russell","Blanchett, Cate"
Rock Star,"Wahlberg, Mark","Aniston, Jennifer"
Rocket Science,"D'Agosto, Nicholas","Kendrick, Anna"
Rogue,"Vartan, Michael","Mitchell, Radha"
Romeo Must Die,"Li, Jet",Aaliyah
Ruby Sparks,"Dano, Paul","Kazan, Zoe"
Rumor Has It...,"Costner, Kevin","Aniston, Jennifer"
Run Fatboy Run,"Pegg, Simon","Newton, Thandie"
Running with Scissors,"Cox, Brian","Bening, Annette"
RV,"Williams, Robin","Hines, Cheryl"
Salt,"Schreiber, Liev","Jolie, Angelina"
San Andreas,"Johnson, Dwayne","Gugino, Carla"
Savages,"Kitsch, Taylor","Lively, Blake"
Save the Last Dance,"Thomas, Sean Patrick","Stiles, Julia"
Saving Mr. Banks,"Hanks, Tom","Thompson, Emma"
Saw II,"Bell, Tobin","Smith, Shawnee"
Saw III,"Bell, Tobin","Smith, Shawnee"
Say It Isn't So,"Klein, Chris","Graham, Heather"
Scary Movie,"Sheridan, Dave","Electra, Carmen"
Scary Movie 5,"Rex, Simon","Tisdale, Ashley"
Scooby-Doo,"Prinze Jr., Freddie","Gellar, Sarah Michelle"
Scooby-Doo 2: Monsters Unleashed,"Prinze Jr., Freddie","Gellar, Sarah Michelle"
Scott Pilgrim vs. the World,"Cera, Michael","Pill, Alison"
Scream 3,"Schreiber, Liev","Toussaint, Beth"
Scream 4,"Jackson, Roger","Hale, Lucy"
"Se, jie","Leung, Tony Chiu Wai","Tang, Wei"
Secretariat,"Malkovich, John","Lane, Diane"
Secretary,"Spader, James","Gyllenhaal, Maggie"
See No Evil,"Jacobs, Glenn","Vidal, Christina"
Seed of Chucky,"Dourif, Brad","Tilly, Jennifer"
Seeking Justice,"Cage, Nicolas","Jones, January"
Self/less,"Reynolds, Ryan","Martinez, Natalie"
Serena,"Cooper, Bradley","Lawrence, Jennifer"
Serendipity,"Cusack, John","Beckinsale, Kate"
Serenity,"Fillion, Nathan","Torres, Gina"
Serving Sara,"Perry, Matthew","Hurley, Elizabeth"
Seven Pounds,"Smith, Will","Dawson, Rosario"
Sex Drive,"Zuckerman, Josh","Crew, Amanda"
Sex Tape,"Segel, Jason","Diaz, Cameron"
Shaft,"Jackson, Samuel L.","Williams, Vanessa"
Shall We Dance,"Gere, Richard","Lopez, Jennifer"
Shallow Hal,"Black, Jack","Paltrow, Gwyneth"
Shark Night 3D,"Milligan, Dustin","Paxton, Sara"
Shaun of the Dead,"Pegg, Simon","Ashfield, Kate"
She's Out of My League,"Baruchel, Jay","Eve, Alice"
She's the Man,"Tatum, Channing","Bynes, Amanda"
Shopgirl,"Martin, Steve","Danes, Claire"
Short Term 12,"Gallagher Jr., John","Larson, Brie"
Showtime,"De Niro, Robert","Harris, Rachael"
Shutter,"Jackson, Joshua","Taylor, Rachael"
Silent House,"Trese, Adam","Olsen, Elizabeth"
Silver Linings Playbook,"Cooper, Bradley","Lawrence, Jennifer"
Sin City: A Dame to Kill For,"Rourke, Mickey","Alba, Jessica"
Sinbad: Legend of the Seven Seas,"Pitt, Brad","Zeta-Jones, Catherine"
Sinister,"Hawke, Ethan","Rylance, Juliet"
Sky Captain and the World of Tomorrow,"Law, Jude","Paltrow, Gwyneth"
Skyfall,"Craig, Daniel","Dench, Judi"
Skyline,"Balfour, Eric","Thompson, Scottie"
Smart People,"Quaid, Dennis","Parker, Sarah Jessica"
Smashed,"Paul, Aaron","Winstead, Mary Elizabeth"
Smiley Face,"Browne, Roscoe Lee","Faris, Anna"
Snakes on a Plane,"Jackson, Samuel L.","Margulies, Julianna"
Snow Angels,"Rockwell, Sam","Beckinsale, Kate"
Snow White and the Huntsman,"Hemsworth, Chris","Stewart, Kristen"
So Undercover,"Piven, Jeremy","Cyrus, Miley"
Solaris,"Clooney, George","McElhone, Natascha"
Solitary Man,"Douglas, Michael","Sarandon, Susan"
Someone Like You...,"Kinnear, Greg","Judd, Ashley"
Something's Gotta Give,"Nicholson, Jack","Keaton, Diane"
Source Code,"Gyllenhaal, Jake","Monaghan, Michelle"
Southpaw,"Gyllenhaal, Jake","McAdams, Rachel"
Spanglish,"Sandler, Adam","Leoni, Téa"
Sparks,"Williamson, Chase","Bell, Ashley"
Spartan,"Luke, Derek","Texada, Tia"
Spider-Man 2,"Maguire, Tobey","Dunst, Kirsten"
Spider-Man 3,"Maguire, Tobey","Dunst, Kirsten"
Splice,"Brody, Adrien","Polley, Sarah"
Splinter,"Baker, Charles","Wagner, Jill"
Spread,"Kutcher, Ashton","Heche, Anne"
Spring Breakers,"Franco, James","Gomez, Selena"
Spy Kids,"Banderas, Antonio","Gugino, Carla"
Spy Kids 2: Island of Lost Dreams,"Banderas, Antonio","Gugino, Carla"
Spy Kids 3-D: Game Over,"Banderas, Antonio","Gugino, Carla"
Spy Kids: All the Time in the World in 4D,"McHale, Joel","Alba, Jessica"
St. Vincent,"Murray, Bill","McCarthy, Melissa"
Star Wars: Episode II - Attack of the Clones,"McGregor, Ewan","Portman, Natalie"
Star Wars: Episode III - Revenge of the Sith,"McGregor, Ewan","Portman, Natalie"
Star Wars: The Clone Wars,"Lanter, Matt","Eckstein, Ashley"
Starship Troopers 3: Marauder,"Van Dien, Casper","Blalock, Jolene"
Stay Alive,"Foster, Jon","Armstrong, Samaire"
Stealth,"Lucas, Josh","Biel, Jessica"
Step Up,"Tatum, Channing","Dewan Tatum, Jenna"
Step Up 2: The Streets,"Hoffman, Robert","Evigan, Briana"
Step Up All In,"Guzman, Ryan","Evigan, Briana"
Step Up Revolution,"Guzman, Ryan","Coleman, Cleopatra"
Stick It,"Bridges, Jeff","Peregrym, Missy"
Stomp the Yard,"Short, Columbus","Good, Meagan"
Storytelling,"Fitzpatrick, Leo","Blair, Selma"
Straw Dogs,"Marsden, James","Bosworth, Kate"
Street Fighter: The Legend of Chun-Li,"Klein, Chris","Kreuk, Kristin"
Struck by Lightning,"Colfer, Chris","Wilson, Rebel"
Stuck in Love,"Kinnear, Greg","Connelly, Jennifer"
Summer Catch,"Prinze Jr., Freddie","Biel, Jessica"
Super,"Wilson, Rainn","Page, Ellen"
Superhero Movie,"Bell, Drake","Paxton, Sara"
Superman Returns,"Routh, Brandon","Bosworth, Kate"
Supernova,"Spader, James","Bassett, Angela"
Surrogates,"Willis, Bruce","Mitchell, Radha"
Surveillance,"Dillon, Hugh","Aaron, Caroline"
Sweeney Todd: The Demon Barber of Fleet Street,"Depp, Johnny","Bonham Carter, Helena"
Sweet Home Alabama,"Lucas, Josh","Witherspoon, Reese"
Sweet November,"Reeves, Keanu","Theron, Charlize"
Swimfan,"Bradford, Jesse","Christensen, Erika"
"Synecdoche, New York","Hoffman, Philip Seymour","Keener, Catherine"
Take Me Home Tonight,"Grace, Topher","Faris, Anna"
Take Shelter,"Shannon, Michael","Chastain, Jessica"
Taking Lives,"Hawke, Ethan","Jolie, Angelina"
Tangled,"Levi, Zachary","Moore, Mandy"
Taxi,"Fallon, Jimmy","Latifah, Queen"
Tears of the Sun,"Willis, Bruce","Bellucci, Monica"
Ted,"Wahlberg, Mark","Kunis, Mila"
Teenage Mutant Ninja Turtles,"Arnett, Will","Fox, Megan"
Teeth,"Hensley, John","Weixler, Jess"
Tekken,"Foo, Jon","Overton, Kelly"
The 40 Year Old Virgin,"Carell, Steve","Keener, Catherine"
The Accidental Husband,"Morgan, Jeffrey Dean","Thurman, Uma"
The Adjustment Bureau,"Damon, Matt","Blunt, Emily"
The Adventures of Rocky & Bullwinkle,"Alexander, Jason","Russo, Rene"
The Age of Adaline,"Huisman, Michiel","Lively, Blake"
The Air I Breathe,"Bacon, Kevin","Delpy, Julie"
The Amazing Spider-Man,"Garfield, Andrew","Stone, Emma"
The Amazing Spider-Man 2,"Garfield, Andrew","Stone, Emma"
The American,"Clooney, George","Björklund, Irina"
The Amityville Horror,"Reynolds, Ryan","George, Melissa"
The Angriest Man in Brooklyn,"Williams, Robin","Kunis, Mila"
The Animal,"Schneider, Rob","Haskell, Colleen"
The Ant Bully,"Cage, Nicolas","Roberts, Julia"
The Apparition,"Stan, Sebastian","Greene, Ashley"
The Art of Getting By,"Highmore, Freddie","Roberts, Emma"
The Art of War,"Snipes, Wesley","Archer, Anne"
The Assassination of Jesse James by the Coward Robert Ford,"Pitt, Brad","Parker, Mary-Louise"
The Assassination of Richard Nixon,"Penn, Sean","Watts, Naomi"
The Astronaut Farmer,"Thornton, Billy Bob","Madsen, Virginia"
The Aviator,"DiCaprio, Leonardo","Blanchett, Cate"
The Back-up Plan,"O'Loughlin, Alex","Lopez, Jennifer"
The Bad Lieutenant: Port of Call - New Orleans,"Cage, Nicolas","Mendes, Eva"
The Bank Job,"Statham, Jason","Burrows, Saffron"
The Beaver,"Gibson, Mel","Jones, Cherry"
The Best Exotic Marigold Hotel,"Wilkinson, Tom","Dench, Judi"
The Best Man Holiday,"Chestnut, Morris","Calhoun, Monica"
The Best of Me,"Marsden, James","Monaghan, Michelle"
The Big Wedding,"De Niro, Robert","Heigl, Katherine"
The Big White,"Williams, Robin","Hunter, Holly"
The Black Dahlia,"Hartnett, Josh","Johansson, Scarlett"
The Blind Side,"McGraw, Tim","Bullock, Sandra"
The Book of Life,"Luna, Diego","Saldana, Zoe"
The Bounty Hunter,"Butler, Gerard","Aniston, Jennifer"
The Bourne Identity,"Damon, Matt","Potente, Franka"
The Bourne Supremacy,"Damon, Matt","Potente, Franka"
The Bourne Ultimatum,"Damon, Matt","Stiles, Julia"
The Box,"Marsden, James","Diaz, Cameron"
The Boy Next Door,"Guzman, Ryan","Lopez, Jennifer"
The Brass Teapot,"Angarano, Michael","Temple, Juno"
The Brave One,"Howard, Terrence","Foster, Jodie"
The Break-Up,"Vaughn, Vince","Aniston, Jennifer"
The Brothers Bloom,"Brody, Adrien","Weisz, Rachel"
The Brown Bunny,"Gallo, Vincent","Sevigny, Chloë"
The Burning Plain,"Corbett, John","Theron, Charlize"
The Butterfly Effect,"Kutcher, Ashton","Walters, Melora"
The Butterfly Effect 2,"Lively, Eric","Durance, Erica"
The Butterfly Effect 3: Revelations,"Carmack, Chris","Miner, Rachel"
The Cabin in the Woods,"Hemsworth, Chris","Connolly, Kristen"
The Chumscrubber,"Bell, Jamie","Belle, Camilla"
The Clearing,"Redford, Robert","Mirren, Helen"
The Cold Light of Day,"Cavill, Henry","Echegui, Verónica"
The Collection,"Stewart, Josh","Fitzpatrick, Emma"
The Conjuring,"Wilson, Patrick","Farmiga, Vera"
The Conspirator,"McAvoy, James","Wright, Robin"
The Constant Gardener,"Fiennes, Ralph","Weisz, Rachel"
The Contender,"Oldman, Gary","Allen, Joan"
The Counselor,"Fassbender, Michael","Cruz, Penélope"
The Covenant,"Strait, Steven","Ramsey, Laura"
The Crazies,"Olyphant, Timothy","Mitchell, Radha"
The Croods,"Cage, Nicolas","Stone, Emma"
The Curious Case of Benjamin Button,"Pitt, Brad","Ormond, Julia"
The Da Vinci Code,"Hanks, Tom","Tautou, Audrey"
The Darkest Hour,"Hirsch, Emile","Thirlby, Olivia"
The Day the Earth Stood Still,"Reeves, Keanu","Connelly, Jennifer"
The Deaths of Ian Stone,"Vogel, Mike","Murray, Jaime"
The Debt,"Wilkinson, Tom","Mirren, Helen"
The Deep Blue Sea,"Coy, Jolyon","Mitchell, Ann"
The Descendants,"Clooney, George","Woodley, Shailene"
The Divide,"Biehn, Michael","German, Lauren"
The Drop,"Hardy, Tom","Rapace, Noomi"
The Duchess,"Fiennes, Ralph","Knightley, Keira"
The DUFF,"Amell, Robbie","Whitman, Mae"
The East,"Skarsgård, Alexander","Marling, Brit"
The Exorcism of Emily Rose,"Wilkinson, Tom","Linney, Laura"
The Eye,"Nivola, Alessandro","Alba, Jessica"
The Family,"De Niro, Robert","Pfeiffer, Michelle"
The Family Man,"Cage, Nicolas","Leoni, Téa"
The Fault in Our Stars,"Elgort, Ansel","Woodley, Shailene"
The Final Cut,"Williams, Robin","Sorvino, Mira"
The Final Destination,"Campo, Bobby","VanSanten, Shantel"
The First Time,"O'Brien, Dylan","Robertson, Britt"
The Five-Year Engagement,"Segel, Jason","Blunt, Emily"
The Fog,"Welling, Tom","Grace, Maggie"
The Fountain,"Jackman, Hugh","Weisz, Rachel"
The Fourth Kind,"Patton, Will","Jovovich, Milla"
The Frozen Ground,"Cage, Nicolas","Hudgens, Vanessa"
The Gift,"Ribisi, Giovanni","Blanchett, Cate"
The Gift,"Bateman, Jason","Hall, Rebecca"
The Girl Next Door,"Hirsch, Emile","Cuthbert, Elisha"
The Girl with the Dragon Tattoo,"Craig, Daniel","Mara, Rooney"
The Girlfriend Experience,"Santos, Chris","Grey, Sasha"
The Giver,"Bridges, Jeff","Streep, Meryl"
The Golden Compass,"Craig, Daniel","Kidman, Nicole"
The Good German,"Clooney, George","Blanchett, Cate"
The Good Lie,"Oceng, Arnold","Witherspoon, Reese"
The Good Shepherd,"Damon, Matt","Jolie, Angelina"
The Grudge,"Behr, Jason","Gellar, Sarah Michelle"
The Guest,"Stevens, Dan","Monroe, Maika"
The Guilt Trip,"Rogen, Seth","Streisand, Barbra"
The Gunman,"Penn, Sean","Trinca, Jasmine"
The Happening,"Wahlberg, Mark","Deschanel, Zooey"
The Haunting in Connecticut,"Gallner, Kyle","Madsen, Virginia"
The Heartbreak Kid,"Stiller, Ben","Akerman, Malin"
The Hills Have Eyes,"Stanford, Aaron","Quinlan, Kathleen"
The Hitcher,"Bean, Sean","Bush, Sophia"
The Hitchhiker's Guide to the Galaxy,"Bailey, Bill","Chancellor, Anna"
The Homesman,"Jones, Tommy Lee","Swank, Hilary"
The Hot Chick,"Schneider, Rob","Faris, Anna"
The Hottie & the Nottie,"Moore, Joel David","Hilton, Paris"
The House Bunny,"Hanks, Colin","Faris, Anna"
The Human Stain,"Hopkins, Anthony","Kidman, Nicole"
The Hundred-Foot Journey,"Puri, Om","Mirren, Helen"
The Hunger Games: Catching Fire,"Hemsworth, Liam","Lawrence, Jennifer"
The Hunger Games: Mockingjay - Part 1,"Hutcherson, Josh","Lawrence, Jennifer"
The Iceman,"Shannon, Michael","Ryder, Winona"
The Imitation Game,"Cumberbatch, Benedict","Knightley, Keira"
The Immigrant,"Phoenix, Joaquin","Cotillard, Marion"
The Incredible Hulk,"Norton, Edward","Tyler, Liv"
The Incredibles,"Nelson, Craig T.","Hunter, Holly"
The Innkeepers,"Healy, Pat","Paxton, Sara"
The International,"Owen, Clive","Watts, Naomi"
The Interpreter,"Penn, Sean","Kidman, Nicole"
The Invasion,"Craig, Daniel","Kidman, Nicole"
The Invention of Lying,"Gervais, Ricky","Garner, Jennifer"
The Invisible,"Chatwin, Justin","Levieva, Margarita"
The Island,"McGregor, Ewan","Johansson, Scarlett"
The Italian Job,"Wahlberg, Mark","Theron, Charlize"
The Jacket,"Brody, Adrien","Knightley, Keira"
The Joneses,"Duchovny, David","Moore, Demi"
The Killer Inside Me,"Affleck, Casey","Hudson, Kate"
The Killing Room,"Cannon, Nick","DuVall, Clea"
The King's Speech,"Firth, Colin","Bonham Carter, Helena"
The Ladies Man,"Meadows, Tim","Parsons, Karyn"
The Ladykillers,"Hanks, Tom","Hall, Irma P."
The Lake House,"Reeves, Keanu","Bullock, Sandra"
The Last Exorcism,"Fabian, Patrick","Bell, Ashley"
The Last Kiss,"Braff, Zach","Barrett, Jacinda"
The Last Song,"Kinnear, Greg","Cyrus, Miley"
The Lazarus Effect,"Duplass, Mark","Wilde, Olivia"
The Lazarus Project,"Walker, Paul","Perabo, Piper"
The Legend of Hercules,"Lutz, Kellan","Weiss, Gaia"
The Lego Movie,"Arnett, Will","Banks, Elizabeth"
The Life and Death of Peter Sellers,"Rush, Geoffrey","Theron, Charlize"
The Lincoln Lawyer,"McConaughey, Matthew","Tomei, Marisa"
The Longest Ride,"Eastwood, Scott","Robertson, Britt"
The Lords of Salem,"Davison, Bruce","Zombie, Sheri Moon"
The Losers,"Morgan, Jeffrey Dean","Saldana, Zoe"
The Love Guru,"West, Kanye","Simpson, Jessica"
The Lovely Bones,"Wahlberg, Mark","Weisz, Rachel"
The Lucky One,"Efron, Zac","Schilling, Taylor"
The Lucky Ones,"Robbins, Tim","McAdams, Rachel"
The Machinist,"Bale, Christian","Leigh, Jennifer Jason"
The Man Who Wasn't There,"Thornton, Billy Bob","McDormand, Frances"
The Master of Disguise,"Carvey, Dana","Esposito, Jennifer"
The Messenger,"Foster, Ben","Malone, Jena"
The Mexican,"Pitt, Brad","Roberts, Julia"
The Midnight Meat Train,"Cooper, Bradley","Bibb, Leslie"
The Million Dollar Hotel,"Davies, Jeremy","Jovovich, Milla"
The Missing,"Jones, Tommy Lee","Blanchett, Cate"
The Mist,"Jane, Thomas","Harden, Marcia Gay"
The Mortal Instruments: City of Bones,"Campbell Bower, Jamie","Collins, Lily"
The Mummy Returns,"Fraser, Brendan","Weisz, Rachel"
The Muppets,"Segel, Jason","Adams, Amy"
The Namesake,"Penn, Kal",Tabu
The Necessary Death of Charlie Countryman,"LaBeouf, Shia","Wood, Evan Rachel"
The New Guy,"Qualls, DJ","Dushku, Eliza"
The Next Three Days,"Crowe, Russell","Banks, Elizabeth"
The Night Listener,"Williams, Robin","Collette, Toni"
The Nines,"Reynolds, Ryan","McCarthy, Melissa"
The Number 23,"Carrey, Jim","Madsen, Virginia"
The Numbers Station,"Cusack, John","Akerman, Malin"
The Odd Life of Timothy Green,"Edgerton, Joel","Garner, Jennifer"
The One,"Li, Jet","Gugino, Carla"
The One I Love,"Duplass, Mark","Moss, Elisabeth"
The Order,"Ledger, Heath","Sossamon, Shannyn"
The Pacifier,"Diesel, Vin","Graham, Lauren"
The Passion of the Christ,"Caviezel, Jim","Morgenstern, Maia"
The Phantom of the Opera,"Butler, Gerard","Rossum, Emmy"
The Pleasure of Your Company,"Biggs, Jason","Fisher, Isla"
The Polar Express,"Hanks, Tom","Zemeckis, Leslie"
The Possession,"Morgan, Jeffrey Dean","Sedgwick, Kyra"
The Prince & Me,"Mably, Luke","Stiles, Julia"
The Prince,"Patric, Jason","Lowndes, Jessica"
The Princess and the Frog,"Campos, Bruno","Rose, Anika Noni"
The Proposal,"Reynolds, Ryan","Bullock, Sandra"
The Purge,"Hawke, Ethan","Headey, Lena"
The Pyramid,"O'Hare, Denis","Hinshaw, Ashley"
The Queen,"Cromwell, James","Mirren, Helen"
The Reader,"Fiennes, Ralph","Hain, Jeanette"
The Reaping,"Morrissey, David","Swank, Hilary"
The Rebound,"Bartha, Justin","Zeta-Jones, Catherine"
The Resident,"Morgan, Jeffrey Dean","Swank, Hilary"
The Ring,"Henderson, Martin","Watts, Naomi"
The Ring Two,"Baker, Simon","Watts, Naomi"
The Rocker,"Wilson, Rainn","Applegate, Christina"
The Rookie,"Quaid, Dennis","Griffiths, Rachel"
The Room,"Wiseau, Tommy","Danielle, Juliette"
The Royal Tenenbaums,"Hackman, Gene","Huston, Anjelica"
The Ruins,"Tucker, Jonathan","Malone, Jena"
The Rules of Attraction,"Van Der Beek, James","Sossamon, Shannyn"
The Santa Clause 2,"Allen, Tim","Mitchell, Elizabeth"
The Santa Clause 3: The Escape Clause,"Allen, Tim","Mitchell, Elizabeth"
The Savages,"Hoffman, Philip Seymour","Linney, Laura"
The Second Best Exotic Marigold Hotel,"Patel, Dev","Smith, Maggie"
The Secret Life of Walter Mitty,"Stiller, Ben","Wiig, Kristen"
The Sessions,"Hawkes, John","Hunt, Helen"
The Shaggy Dog,"Allen, Tim","Davis, Kristin"
The Shipping News,"Spacey, Kevin","Moore, Julianne"
The Simpsons Movie,"Castellaneta, Dan","Kavner, Julie"
The Skeleton Twins,"Hader, Bill","Wiig, Kristen"
The Social Network,"Eisenberg, Jesse","Mara, Rooney"
The Spectacular Now,"Teller, Miles","Woodley, Shailene"
The Spirit,"Macht, Gabriel","King, Jaime"
The Spy Next Door,"Chan, Jackie","Valletta, Amber"
The Starving Games,"Christian, Cody","Walsh, Maiara"
The Stepfather,"Walsh, Dylan","Ward, Sela"
The Stepford Wives,"Broderick, Matthew","Kidman, Nicole"
The Terminal,"Hanks, Tom","Zeta-Jones, Catherine"
The Texas Chainsaw Massacre,"Tucker, Jonathan","Biel, Jessica"
The Texas Chainsaw Massacre: The Beginning,"Handley, Taylor","Brewster, Jordana"
The Thing,"Edgerton, Joel","Winstead, Mary Elizabeth"
The To Do List,"Simmons, Johnny","Plaza, Aubrey"
The Tourist,"Depp, Johnny","Jolie, Angelina"
The Tournament,"Carlyle, Robert","Hu, Kelly"
The Town,"Affleck, Ben","Hall, Rebecca"
The Transporter,"Statham, Jason","Shu, Qi"
The Tuxedo,"Chan, Jackie","Hewitt, Jennifer Love"
The Twilight Saga: Breaking Dawn - Part 2,"Pattinson, Robert","Stewart, Kristen"
The Twilight Saga: Eclipse,"Samuel, Xavier","Stewart, Kristen"
The Ugly Truth,"Butler, Gerard","Heigl, Katherine"
The Unborn,"Oldman, Gary","Annable, Odette"
The Upside of Anger,"Costner, Kevin","Allen, Joan"
The Village,"Phoenix, Joaquin","Howard, Bryce Dallas"
The Voices,"Reynolds, Ryan","Arterton, Gemma"
The Vow,"Tatum, Channing","McAdams, Rachel"
The Watcher,"Spader, James","Tomei, Marisa"
The Water Diviner,"Crowe, Russell","Kurylenko, Olga"
The Way Way Back,"Carell, Steve","Collette, Toni"
The Wedding Date,"Mulroney, Dermot","Messing, Debra"
The Wedding Planner,"McConaughey, Matthew","Lopez, Jennifer"
The Wicker Man,"Cage, Nicolas","Burstyn, Ellen"
The Wild Thornberrys Movie,"Kane, Tom","Chabert, Lacey"
The Wolfman,"Merrells, Simon","Whelan, Gemma"
The Wolverine,"Jackman, Hugh","Okamoto, Tao"
The Wrestler,"Rourke, Mickey","Tomei, Marisa"
The X Files: I Want to Believe,"Duchovny, David","Anderson, Gillian"
The Young Victoria,"Friend, Rupert","Blunt, Emily"
They Came Together,"Rudd, Paul","Poehler, Amy"
Things We Lost in the Fire,"Del Toro, Benicio","Berry, Halle"
Thir13en Ghosts,"Shalhoub, Tony","Davidtz, Embeth"
Third Person,"Neeson, Liam","Bello, Maria"
This Is 40,"Rudd, Paul","Mann, Leslie"
This Is Where I Leave You,"Bateman, Jason","Fey, Tina"
This Means War,"Pine, Chris","Witherspoon, Reese"
Thor,"Hemsworth, Chris","Portman, Natalie"
Thor: The Dark World,"Hemsworth, Chris","Portman, Natalie"
Time Lapse,"O'Leary, Matt","Panabaker, Danielle"
Timeline,"Walker, Paul","O'Connor, Frances"
TMNT,"Evans, Chris","Gellar, Sarah Michelle"
To the Wonder,"Affleck, Ben","Kurylenko, Olga"
Tokarev,"Cage, Nicolas","Nichols, Rachel"
Tomcats,"O'Connell, Jerry","Elizabeth, Shannon"
Tooth Fairy,"Johnson, Dwayne","Judd, Ashley"
Top Five,"Rock, Chris","Dawson, Rosario"
Total Recall,"Farrell, Colin","Beckinsale, Kate"
Transcendence,"Depp, Johnny","Hall, Rebecca"
Transformers,"LaBeouf, Shia","Fox, Megan"
Transformers: Dark of the Moon,"LaBeouf, Shia","Huntington-Whiteley, Rosie"
Transformers: Revenge of the Fallen,"LaBeouf, Shia","Fox, Megan"
Transporter 3,"Statham, Jason","Rudakova, Natalya"
Trespass,"Cage, Nicolas","Kidman, Nicole"
Trick 'r Treat,"Baker, Dylan","Aytes, Rochelle"
Tristan + Isolde,"Franco, James","Myles, Sophia"
Trust,"Owen, Clive","Keener, Catherine"
Tuck Everlasting,"Hurt, William","Bledel, Alexis"
Turistas,"Duhamel, Josh","George, Melissa"
Twisted,"Jackson, Samuel L.","Judd, Ashley"
Two Night Stand,"Teller, Miles","Tipton, Analeigh"
Two Weeks Notice,"Grant, Hugh","Bullock, Sandra"
Un long dimanche de fiançailles,"Ulliel, Gaspard","Tautou, Audrey"
Underworld,"Speedman, Scott","Beckinsale, Kate"
Underworld: Awakening,"Rea, Stephen","Beckinsale, Kate"
Underworld: Evolution,"Speedman, Scott","Beckinsale, Kate"
Unknown,"Neeson, Liam","Kruger, Diane"
Unthinkable,"Jackson, Samuel L.","Moss, Carrie-Anne"
Untraceable,"Burke, Billy","Lane, Diane"
Up in the Air,"Clooney, George","Farmiga, Vera"
Urban Legends: Final Cut,"Davis, Matthew","Morrison, Jennifer"
V for Vendetta,"Weaving, Hugo","Portman, Natalie"
Vacancy,"Wilson, Luke","Beckinsale, Kate"
Vacation,"Helms, Ed","Applegate, Christina"
Valentine,"Boreanaz, David","Richards, Denise"
Vampires Suck,"Lanter, Matt","Proske, Jenn"
Van Helsing,"Jackman, Hugh","Beckinsale, Kate"
Van Wilder,"Reynolds, Ryan","Reid, Tara"
Van Wilder 2: The Rise of Taj,"Penn, Kal","Cohan, Lauren"
Vanilla Sky,"Cruise, Tom","Cruz, Penélope"
Veronica Mars,"Dohring, Jason","Bell, Kristen"
Vertical Limit,"O'Donnell, Chris","Tunney, Robin"
Waiting for Forever,"Sturridge, Tom","Bilson, Rachel"
Waiting...,"Reynolds, Ryan","Faris, Anna"
Waitress,"Fillion, Nathan","Russell, Keri"
Walk of Shame,"Marsden, James","Banks, Elizabeth"
Walk the Line,"Phoenix, Joaquin","Witherspoon, Reese"
Wanderlust,"Rudd, Paul","Aniston, Jennifer"
"War, Inc.","Cusack, John","Duff, Hilary"
Warm Bodies,"Hoult, Nicholas","Palmer, Teresa"
Watchmen,"Crudup, Billy","Akerman, Malin"
Water for Elephants,"Pattinson, Robert","Witherspoon, Reese"
We Bought a Zoo,"Damon, Matt","Johansson, Scarlett"
We Need to Talk About Kevin,"Reilly, John C.","Swinton, Tilda"
We Own the Night,"Phoenix, Joaquin","Mendes, Eva"
We Were Soldiers,"Gibson, Mel","Stowe, Madeleine"
We're the Millers,"Sudeikis, Jason","Aniston, Jennifer"
Welcome to the Rileys,"Gandolfini, James","Stewart, Kristen"
Wet Hot American Summer,"Hyde Pierce, David","Garofalo, Janeane"
What Happens in Vegas,"Kutcher, Ashton","Diaz, Cameron"
What Maisie Knew,"Coogan, Steve","Moore, Julianne"
What Women Want,"Gibson, Mel","Hunt, Helen"
What's Your Number?,"Evans, Chris","Faris, Anna"
When a Stranger Calls,"Flanagan, Tommy","Belle, Camilla"
When in Rome,"Duhamel, Josh","Bell, Kristen"
While We're Young,"Stiller, Ben","Watts, Naomi"
White Noise,"Keaton, Michael","West, Chandra"
White Noise 2: The Light,"Fillion, Nathan","Sackhoff, Katee"
White Oleander,"Billingsley, John","Aquino, Amy"
Whiteout,"Macht, Gabriel","Beckinsale, Kate"
Wicker Park,"Hartnett, Josh","Byrne, Rose"
Wimbledon,"Bettany, Paul","Dunst, Kirsten"
Win a Date with Tad Hamilton!,"Grace, Topher","Bosworth, Kate"
Win Win,"Giamatti, Paul","Ryan, Amy"
Wind Chill,"Holmes, Ashton","Blunt, Emily"
Wo hu cang long,"Chow, Yun-Fat","Yeoh, Michelle"
Woman in Gold,"Reynolds, Ryan","Mirren, Helen"
World Trade Center,"Cage, Nicolas","Bello, Maria"
World War Z,"Pitt, Brad","Enos, Mireille"
Would You Rather,"Combs, Jeffrey","Snow, Brittany"
Wrecked,"Brody, Adrien","Dhavernas, Caroline"
Wristcutters: A Love Story,"Fugit, Patrick","Sossamon, Shannyn"
Wrong Turn,"Harrington, Desmond","Dushku, Eliza"
X-Men: The Last Stand,"Jackman, Hugh","Berry, Halle"
xXx,"Diesel, Vin","Argento, Asia"
Yes Man,"Carrey, Jim","Deschanel, Zooey"
You Can Count on Me,"Ruffalo, Mark","Linney, Laura"
You Kill Me,"Kingsley, Ben","Leoni, Téa"
You're Next,"Tucci, Nicholas","Vinson, Sharni"
"You, Me and Dupree","Wilson, Owen","Hudson, Kate"
Young Adult,"Oswalt, Patton","Theron, Charlize"
"Yours, Mine & Ours","Quaid, Dennis","Russo, Rene"
Youth in Revolt,"Cera, Michael","Doubleday, Portia"
Youth Without Youth,"Roth, Tim","Lara, Alexandra Maria"
Zack and Miri Make a Porno,"Rogen, Seth","Banks, Elizabeth"
Zombie Strippers!,"Englund, Robert","Jameson, Jenna"
Zookeeper,"James, Kevin","Dawson, Rosario"
Zoom,"Allen, Tim","Cox, Courteney"
Æon Flux,"Csokas, Marton","Theron, Charlize"